epoch,train_loss,val_loss,train_mae,val_mae,train_a20,val_a20
1,12951.52734375,0.18936772644519806,16.637187957763672,0.3352962136268616,0.6214754581451416,0.8678513169288635
2,0.2243274748325348,0.1967296451330185,0.3389134109020233,0.35133808851242065,0.8653677701950073,0.8785232901573181
3,0.2180616408586502,0.18965338170528412,0.33769774436950684,0.3338075876235962,0.8656523823738098,0.866217315196991
4,0.20002231001853943,0.19079267978668213,0.33593085408210754,0.3326873481273651,0.8662434220314026,0.8617749214172363
5,0.20023803412914276,0.19386224448680878,0.33647337555885315,0.3467522859573364,0.8661777377128601,0.8787785768508911
6,0.19025152921676636,0.18963494896888733,0.3355608880519867,0.33740535378456116,0.866352915763855,0.8697406053543091
